{
  "name": "FoundryVTT-W40K",
  "title": "Warhammer 40K 8th Edition",
  "description": "Basic Warhammer 40K rules system for 8th edition.",
  "version": "0.0.1",
  "templateVersion": 2,
  "author": "Victor Lundgren",
  "scripts": [
    "scripts/system-script-1.js",
    "scripts/system-script-2.js"
  ],
  "esmodules": [
    "scripts/system-module-1.mjs"
  ],
  "styles": [
    "styles/system-styles-1.css",
    "styles/system-styles-2.css"
  ],
  "packs": [
    {
      "name": "weapons",
      "label": "Weapons",
      "system": "FoundryVTT-W40K",
      "module": "FoundryVTT-W40K",
      "path": "packs/weapons.db",
      "entity": "Item"
    },
    {
      "name": "models",
      "label": "Models",
      "system": "FoundryVTT-W40K",
      "module": "FoundryVTT-W40K",
      "path": "packs/models.db",
      "entity": "Actor"
    }
  ],
  "languages": [
    {
      "lang": "en",
      "name": "English",
      "path": "lang/en.json"
    }
  ],
  "socket": false,
  "gridDistance": 10,
  "gridUnits": "in",
  "primaryTokenAttribute": "resources.wounds",
  "url": "https://github.com/victoic/FoundryVTT-W40K",
  "manifest": "https://github.com/victoic/FoundryVTT-W40K/system.json",
  "download": "https://github.com/victoic/FoundryVTT-W40K/archive.zip"
}